{
  "task": "threepole",

  "pinv_init": 1e-5,
  "pinv_mult": 2.0,
  "pinv_max": 10.0,
  "alpha_init": 1.0,
  "alpha_mult": 0.5,
  "alpha_min": 1e-4,

  "start_min": [2.9845130209103035, 0, 2.0420352248333655, 0, 1.0367255756846319, 0],
  "start_max": [2.9845130209103035, 0, 2.0420352248333655, 0, 1.0367255756846319, 0],
  "goal": [[0, 0, 0, 0, 0, 0]],

  "q_weight": 50,
  "r_weight": 1,

  "frequency": 50,
  "noise": 0.0,
  "torque": 1.25,

  "ilqr_iters": 4,
  "horizon_prob": 400,
  "plan_len": 20,
  "uniform_trajs": 3,
  "extreme_trajs": 3,

  "obs_shape": [2, 80, 80],
  "action_dim": 3,
  "latent_dim": 8
}